{
    "aaa": 11.035974502563477,
    "bbb": 13.054083824157715
}